{"adding": -0.11591282970739912, "multiplying": 3.696789338459548e-06}